{
  "capsule": {
    "config": {
      "cp_max_s": 0.25,
      "cp_min_s": 0.05,
      "dataset_citation": "LOSC (LIGO Open Science Center) open strain data; file label LOSC_4_V2.",
      "dataset_name": "LIGO LOSC open strain (H1)",
      "decision_rule": "Primary statistic: \u0394AIC := AIC(1 change-point) \u2212 AIC(no change-point) on log-envelope. Decision: call 'change-point detection' if \u0394AIC \u2264 \u221210 and both off-source windows return \u0394AIC > 0 and phase-randomized null p-value < 0.05; otherwise call 'null / non-detection'.",
      "f_hi_hz": 500.0,
      "f_lo_hz": 30.0,
      "input_path": "data/H-H1_LOSC_4_V2-1126259446-32.hdf5",
      "n_phase_null": 200,
      "null_rng_seed": 12345,
      "off_src1_end_s": -9.72,
      "off_src1_start_s": -10.0,
      "off_src2_end_s": 10.28,
      "off_src2_start_s": 10.0,
      "on_src_end_s": 0.3,
      "on_src_start_s": 0.02,
      "t_event_s": 16.0
    }
  },
  "provenance": {
    "file": {
      "duration_s": 32.0,
      "fs_hz": 4096.0,
      "path": "data/H-H1_LOSC_4_V2-1126259446-32.hdf5",
      "t0_gps": 1126259446.0
    }
  },
  "results": {
    "nulls": {
      "phase_randomized": {
        "delta_aic_values": [
          -47.466824786497455,
          -495.2866294903215,
          -102.57215412246296,
          -95.54884635886265,
          -122.36384926638857,
          -76.94474183677085,
          -256.9439416761161,
          -186.80069787197863,
          -154.11776855925564,
          -92.0974152720155,
          -224.57857314636203,
          -61.62358258381573,
          -138.19732742510678,
          -211.46230688317155,
          -152.25272610587854,
          -138.09208537339873,
          -57.88823679724737,
          -91.51328379799088,
          -96.44372132206627,
          -144.0094825321139,
          -43.38915107520006,
          -82.11715717433981,
          -93.74026640673401,
          -66.82725645010942,
          -35.12762065550487,
          -82.5882821679188,
          -162.73745659540145,
          -17.807927968118747,
          -120.00964253760321,
          -167.85548383293644,
          -132.90777955352678,
          -77.47238889172877,
          -109.52817840738862,
          -36.755000273253245,
          -63.62289831012458,
          -48.503837109827145,
          -245.77153474588704,
          -35.65901871461392,
          -78.84733933868847,
          -385.1269762720476,
          -205.86899007795728,
          -89.75261951376888,
          -28.55701123412291,
          -217.95171450966154,
          -96.13935437340842,
          -22.059149210435862,
          -55.77425340803893,
          -50.581356681541365,
          -227.24208164503216,
          -96.12299213549704,
          -45.85814203369955,
          -85.3865098505994,
          -42.451638357772026,
          -100.34723279939499,
          -326.1661270008335,
          -120.88036555758299,
          -86.33632375256275,
          -103.099097113889,
          -148.7091692864269,
          -220.23127503532305,
          -182.8103705592439,
          -69.3622333316016,
          -31.303869821873377,
          -55.09996838217194,
          -200.9801030508097,
          -47.440117324375024,
          -170.0719373399843,
          -77.02906463710679,
          -53.82711950770317,
          -50.95027791058965,
          -111.75835764890508,
          -23.172812675089517,
          -230.527064939517,
          -101.79739635834267,
          -217.9298208571563,
          -21.061822542098525,
          -150.74342547107517,
          -46.49433407391916,
          -88.9324211402054,
          -208.794855030319,
          -67.79433316209179,
          -252.76551047997054,
          -53.60664495950914,
          -199.81390665852814,
          -189.84568501597096,
          -84.94652133232012,
          -265.3343846475327,
          -176.75832688710943,
          -51.7486707512071,
          -42.63124386086565,
          -101.93851112097764,
          -53.22444756409823,
          -161.8687680871226,
          -62.474337196472334,
          -220.00073629877443,
          -285.5967886708313,
          -124.07778466022137,
          -95.70270641288516,
          -65.32565360127774,
          -37.185981014619756,
          -169.5351118983308,
          -60.33790487756778,
          -94.77428768685786,
          -173.59004171062406,
          -132.80303864627786,
          -156.75426602803782,
          -341.14360292156925,
          -55.543984627474856,
          -76.4999840874516,
          -133.16527310200763,
          -224.33554005616315,
          -21.298213986301562,
          -71.90452214975085,
          -141.88721644462203,
          -106.29337611998926,
          -149.16276605112944,
          -216.22220516529342,
          -192.28871319493192,
          -53.89475455520733,
          -59.68901101441588,
          -46.562526266032364,
          -48.54943717142305,
          -69.46060951893014,
          -130.25922068351792,
          -66.53375334594602,
          -41.72216114473849,
          -125.98795685477671,
          -88.23206911690795,
          -52.04907031764742,
          -123.54822524656629,
          -112.38453025538911,
          -64.25692587943922,
          -96.97127049848496,
          -69.12176974901377,
          -174.7203467376312,
          -163.13009922121273,
          -143.1495320920585,
          -327.7633039789289,
          -86.14126381040842,
          -130.317086492847,
          -139.48047885572305,
          -198.76752394723007,
          -131.47523835705942,
          -54.504459973548364,
          -143.86465639459493,
          -92.70071479201579,
          -175.78129625661677,
          -89.98773279161833,
          -54.500693679809046,
          -451.61820577409526,
          -137.40756529749342,
          -65.9777562856907,
          -131.17503667980054,
          -39.83420140729868,
          -104.58432786085177,
          -474.40721874617157,
          -95.98302800636884,
          -78.31924186660763,
          -82.65487417521945,
          -90.96953758193558,
          -111.46425688156887,
          -38.415987292231875,
          -320.82636079288204,
          -168.35531464427186,
          -182.44309616267128,
          -79.93963073455234,
          -88.63358367916226,
          -107.08967286258849,
          -196.62828213506145,
          -33.35058229585411,
          -172.27327516581136,
          -349.931083884534,
          -152.0985614476158,
          -80.22238007319538,
          -77.74416490545991,
          -146.979306773188,
          -50.44974708016525,
          -18.35028183596296,
          -146.9424908980145,
          -339.4890506235097,
          -61.026597663578286,
          -79.96992924735969,
          -255.3214092719718,
          -194.90117666345031,
          -118.96857448351511,
          -128.24606732570828,
          -56.699598846113076,
          -11.1852072151014,
          -87.14217453256424,
          -113.91763102125697,
          -211.6792870476056,
          -64.46403978851595,
          -226.0725780447101,
          -136.63178754918772,
          -73.4741285909331,
          -222.95908703273017,
          -108.00125003913854,
          -50.023174282767286,
          -105.28566838041297,
          -105.50272508409398
        ],
        "n": 200,
        "p_more_cp_like_than_observed": 0.12
      }
    },
    "off_source": {
      "window1": {
        "fit": {
          "delta_aic_1_minus_0": -23.703963550411572,
          "model0": {
            "aic": -47621.81625934277,
            "mu": -27.63102111328954,
            "sse": 1.0265981834486475e-15
          },
          "model1": {
            "aic": -47645.52022289318,
            "cp": 965,